<?xml version="1.0" encoding="UTF-8"?>
<PluginList>
	<Plugin id="ImageX" name="ImageX" category="Sub-Controls">
		<GUI graphicsApi="GmpiGui">
			<Pin name="Animation Position" datatype="float"/>
			<Pin name="Filename" datatype="string" default="knob_sm" isFilename="true" metadata="bmp"/>
			<Pin name="Hint" datatype="string"/>
			<Pin name="Menu Items" datatype="string"/>
			<Pin name="Menu Selection" datatype="int"/>
			<Pin name="Mouse Down" datatype="bool" direction="out" private="true"/>
			<Pin name="Mouse Down" datatype="bool"/>
			<Pin name="Frame Count" datatype="int" private="true"/>
			<Pin name="Frame Count" datatype="int" direction="out"/>
			<Pin name="Mouse Response" datatype="enum" default="-1" isMinimised="true" metadata="off=-2, auto=-1, vertical=0, horizontal=1, clicks=2, rotary=3, step=4, latched=5"/>
			<Pin name="Mouse Over" datatype="bool" direction="out"/>
			<Pin name="Hint Out" datatype="string" direction="out"/>
			<Pin name="Ctrl+clk" datatype="bool" direction="out" />
			<Pin name="Reset" datatype="bool" />
		</GUI>
	</Plugin>
</PluginList>